date,eu_a_q2,eu_a_q3,eu_a_q4,eu_a_q5,eu_a_q6,eu_a_q7,eu_a_q8,eu_a_q9,eu_a_q10,eu_a_q11,eu_a_q12,ue_a_q2,ue_a_q3,ue_a_q4,ue_a_q5,ue_a_q6,ue_a_q7,ue_a_q8,ue_a_q9,ue_a_q10,ue_a_q11,ue_a_q12,en_a_q2,en_a_q3,en_a_q4,en_a_q5,en_a_q6,en_a_q7,en_a_q8,en_a_q9,en_a_q10,en_a_q11,en_a_q12,ne_a_q2,ne_a_q3,ne_a_q4,ne_a_q5,ne_a_q6,ne_a_q7,ne_a_q8,ne_a_q9,ne_a_q10,ne_a_q11,ne_a_q12,empchangeipums_a_q2,empchangeipums_a_q3,empchangeipums_a_q4,empchangeipums_a_q5,empchangeipums_a_q6,empchangeipums_a_q7,empchangeipums_a_q8,empchangeipums_a_q9,empchangeipums_a_q10,empchangeipums_a_q11,empchangeipums_a_q12,smigirs_a_q2,smigirs_a_q3,smigirs_a_q4,smigirs_a_q5,smigirs_a_q6,smigirs_a_q7,smigirs_a_q8,smigirs_a_q9,smigirs_a_q10,smigirs_a_q11,smigirs_a_q12,jdr_a_q2,jdr_a_q3,jdr_a_q4,jdr_a_q5,jdr_a_q6,jdr_a_q7,jdr_a_q8,jdr_a_q9,jdr_a_q10,jdr_a_q11,jdr_a_q12,jcr_a_q2,jcr_a_q3,jcr_a_q4,jcr_a_q5,jcr_a_q6,jcr_a_q7,jcr_a_q8,jcr_a_q9,jcr_a_q10,jcr_a_q11,jcr_a_q12
1968, 0.014433581226, 0.012523595280, 0.011991207526, 0.011547221017, 0.011249359038, 0.011763035685, 0.011387284772, 0.010832838343, 0.009721323191, 0.010364217585, 0.010274486106, 0.275867760495, 0.313379589036, 0.311569219993, 0.321157274419, 0.327559215921, 0.322887586142, 0.326083686600, 0.339164086630, 0.352106506713, 0.335924268277, 0.341521694569, 0.036988671098, 0.037975269684, 0.037898046309, 0.038569309972, 0.038884116007, 0.038568756973, 0.038889605139, 0.039116634085, 0.039520869524, 0.039574115760, 0.039803899940, 0.046580288894, 0.049520942393, 0.048093593935, 0.049307268670, 0.049008058583, 0.048278316299, 0.048730339247, 0.049450170932, 0.050170798329, 0.049238426873, 0.049426981671,            NaN,            NaN,            NaN,            NaN,            NaN,            NaN,            NaN,            NaN,            NaN,            NaN,            NaN,            NaN,            NaN,            NaN,            NaN,            NaN,            NaN,            NaN,            NaN,            NaN,            NaN,            NaN,            NaN,            NaN,            NaN,            NaN,            NaN,            NaN,            NaN,            NaN,            NaN,            NaN,            NaN,            NaN,            NaN,            NaN,            NaN,            NaN,            NaN,            NaN,            NaN,            NaN,            NaN,            NaN
1969, 0.014447208770, 0.012613768548, 0.012119213146, 0.011724358990, 0.011473767775, 0.011877023294, 0.011606180849, 0.011246409920, 0.010613292256, 0.010924005824, 0.010888976013, 0.275931797290, 0.311940279662, 0.310258558430, 0.318785581333, 0.324171533268, 0.320504127904, 0.322807887208, 0.331295537999, 0.338667524567, 0.330846580583, 0.333031731036, 0.036920978651, 0.037868037729, 0.037796301974, 0.038393282381, 0.038658128627, 0.038410559905, 0.038641828277, 0.038789143527, 0.039019395537, 0.039045129667, 0.039134833930, 0.046589185413, 0.049411987548, 0.048086068826, 0.049165436110, 0.048913710731, 0.048340835548, 0.048666655116, 0.049133741747, 0.049544210226, 0.049093591175, 0.049167200112,            NaN,            NaN,            NaN,            NaN,            NaN,            NaN,            NaN,            NaN,            NaN,            NaN,            NaN,            NaN,            NaN,            NaN,            NaN,            NaN,            NaN,            NaN,            NaN,            NaN,            NaN,            NaN,            NaN,            NaN,            NaN,            NaN,            NaN,            NaN,            NaN,            NaN,            NaN,            NaN,            NaN,            NaN,            NaN,            NaN,            NaN,            NaN,            NaN,            NaN,            NaN,            NaN,            NaN,            NaN
1970, 0.014474184005, 0.012790767537, 0.012369188411, 0.012067161887, 0.011903610318, 0.012109759964, 0.012019444342, 0.011980670559, 0.012098445004, 0.011916433354, 0.011957459915, 0.276057266315, 0.309119305335, 0.307685737800, 0.314208113335, 0.317723323910, 0.315848496955, 0.316616712785, 0.317531456879, 0.316160097849, 0.320741497137, 0.318182270942, 0.036786534889, 0.037656099562, 0.037594949089, 0.038051583302, 0.038224438600, 0.038097878139, 0.038174997317, 0.038190874002, 0.038148041833, 0.038132967141, 0.038027906411, 0.046606803808, 0.049198626295, 0.048068359282, 0.048893974369, 0.048729682574, 0.048436821074, 0.048545469469, 0.048595809044, 0.048519452468, 0.048783418788, 0.048697208742,            NaN,            NaN,            NaN,            NaN,            NaN,            NaN,            NaN,            NaN,            NaN,            NaN,            NaN,            NaN,            NaN,            NaN,            NaN,            NaN,            NaN,            NaN,            NaN,            NaN,            NaN,            NaN,            NaN,            NaN,            NaN,            NaN,            NaN,            NaN,            NaN,            NaN,            NaN,            NaN,            NaN,            NaN,            NaN,            NaN,            NaN,            NaN,            NaN,            NaN,            NaN,            NaN,            NaN,            NaN
1971, 0.014513952381, 0.013048025260, 0.012729380517, 0.012553604429, 0.012503048177, 0.012467777542, 0.012583204580, 0.012879042072, 0.013697018360, 0.013116326145, 0.013208398665, 0.276239011447, 0.305029593335, 0.303946051170, 0.307742001411, 0.308828605910, 0.309149374533, 0.308167563456, 0.301188218761, 0.291663748745, 0.306280301586, 0.300536841791, 0.036587206477, 0.037344427558, 0.037298207820, 0.037563963869, 0.037617396043, 0.037639049575, 0.037540488128, 0.037419351675, 0.037121870347, 0.037073775862, 0.036837996750, 0.046632797981, 0.048889769413, 0.048035472747, 0.048515971573, 0.048465186506, 0.048515292880, 0.048376435812, 0.047992353258, 0.047462035590, 0.048304196995, 0.048110722915,            NaN,            NaN,            NaN,            NaN,            NaN,            NaN,            NaN,            NaN,            NaN,            NaN,            NaN,            NaN,            NaN,            NaN,            NaN,            NaN,            NaN,            NaN,            NaN,            NaN,            NaN,            NaN,            NaN,            NaN,            NaN,            NaN,            NaN,            NaN,            NaN,            NaN,            NaN,            NaN,            NaN,            NaN,            NaN,            NaN,            NaN,            NaN,            NaN,            NaN,            NaN,            NaN,            NaN,            NaN
1972, 0.014565694877, 0.013376006463, 0.013182939524, 0.013152865574, 0.013223327928, 0.012954218869, 0.013243161702, 0.013769736933, 0.014935857064, 0.014256525506, 0.014343515182, 0.276469430042, 0.299834726455, 0.299178207955, 0.299827666150, 0.298313220194, 0.300760631224, 0.298302911792, 0.285880044036, 0.272301806640, 0.289401201737, 0.283974808414, 0.036325754678, 0.036940285328, 0.036912280776, 0.036957749613, 0.036883278966, 0.037048491797, 0.036801767770, 0.036586151233, 0.036162057074, 0.036105793015, 0.035883030038, 0.046666656695, 0.048498325354, 0.047980706765, 0.048062916457, 0.048133697721, 0.048516000985, 0.048168406910, 0.047484760094, 0.046728730710, 0.047713945950, 0.047531152565,            NaN,            NaN,            NaN,            NaN,            NaN,            NaN,            NaN,            NaN,            NaN,            NaN,            NaN,            NaN,            NaN,            NaN,            NaN,            NaN,            NaN,            NaN,            NaN,            NaN,            NaN,            NaN,            NaN,            NaN,            NaN,            NaN,            NaN,            NaN,            NaN,            NaN,            NaN,            NaN,            NaN,            NaN,            NaN,            NaN,            NaN,            NaN,            NaN,            NaN,            NaN,            NaN,            NaN,            NaN
1973, 0.014628343102, 0.013762572050, 0.013708802571, 0.013827758795, 0.014008057363, 0.013562958192, 0.013944744893, 0.014517168411, 0.015529532847, 0.015102569701, 0.015131446309, 0.276738628081, 0.293742237615, 0.293559396068, 0.290990491994, 0.287115338500, 0.291163290764, 0.287915850478, 0.274411338221, 0.262623423513, 0.273370475429, 0.271569160130, 0.036005789633, 0.036453001560, 0.036445202243, 0.036265352204, 0.036074797244, 0.036348054839, 0.036022052801, 0.035787662785, 0.035419486443, 0.035384124212, 0.035310177055, 0.046707712913, 0.048040671764, 0.047896514084, 0.047571337168, 0.047752451758, 0.048384771114, 0.047925487199, 0.047182316058, 0.046525970935, 0.047145183443, 0.047084504369,            NaN,            NaN,            NaN,            NaN,            NaN,            NaN,            NaN,            NaN,            NaN,            NaN,            NaN,            NaN,            NaN,            NaN,            NaN,            NaN,            NaN,            NaN,            NaN,            NaN,            NaN,            NaN,            NaN,            NaN,            NaN,            NaN,            NaN,            NaN,            NaN,            NaN,            NaN,            NaN,            NaN,            NaN,            NaN,            NaN,            NaN,            NaN,            NaN,            NaN,            NaN,            NaN,            NaN,            NaN
1974, 0.014700599009, 0.014193442471, 0.014282791399, 0.014537613887, 0.014799135246, 0.014273725515, 0.014641762444, 0.015059046689, 0.015481932532, 0.015527947858, 0.015481107781, 0.277034622547, 0.286995098516, 0.287298926943, 0.281795940193, 0.276175066897, 0.280953403152, 0.277822917084, 0.267978422526, 0.263054363489, 0.261896115758, 0.264817987569, 0.035631710650, 0.035893681124, 0.035906641275, 0.035521374893, 0.035244976735, 0.035567539005, 0.035253277696, 0.035082412492, 0.034928617517, 0.034932428630, 0.035052376599, 0.046755155974, 0.047535984572, 0.047775531884, 0.047078953028, 0.047341658019, 0.048088068625, 0.047645325489, 0.047103569954, 0.046829400840, 0.046762666122, 0.046861092242,            NaN,            NaN,            NaN,            NaN,            NaN,            NaN,            NaN,            NaN,            NaN,            NaN,            NaN,            NaN,            NaN,            NaN,            NaN,            NaN,            NaN,            NaN,            NaN,            NaN,            NaN,            NaN,            NaN,            NaN,            NaN,            NaN,            NaN,            NaN,            NaN,            NaN,            NaN,            NaN,            NaN,            NaN,            NaN,            NaN,            NaN,            NaN,            NaN,            NaN,            NaN,            NaN,            NaN,            NaN
1975, 0.014780958865, 0.014652741945, 0.014878859998, 0.015241349630, 0.015542590280, 0.015049813290, 0.015301345698, 0.015416975129, 0.015068371792, 0.015563589664, 0.015469587322, 0.277343587331, 0.279861747823, 0.280630655676, 0.272802556760, 0.266327997529, 0.270809555488, 0.268670045460, 0.265942136808, 0.270001254506, 0.257536168853, 0.263400010468, 0.035208633555, 0.035274863693, 0.035307662342, 0.034759613894, 0.034441236989, 0.034743765198, 0.034528985381, 0.034481638647, 0.034608418586, 0.034649433856, 0.034890154853, 0.046808046417, 0.047005451815, 0.047611681491, 0.046620785376, 0.046923389427, 0.047623441121, 0.047320851249, 0.047170730833, 0.047396740452, 0.046678540055, 0.046876069315, 0.150906904913, 0.154538319326, 0.157291067916, 0.156274092943, 0.159731091803, 0.162176597714, 0.159950743008, 0.152095180996, 0.150888593435, 0.146537760828, 0.145504749827, 0.029854252128, 0.030323686955, 0.030443352648, 0.030508105218, 0.030521948521, 0.030289689213, 0.030496674688, 0.029706243280, 0.029680140399, 0.029362606287, 0.029141564439,            NaN,            NaN,            NaN,            NaN,            NaN,            NaN,            NaN,            NaN,            NaN,            NaN,            NaN,            NaN,            NaN,            NaN,            NaN,            NaN,            NaN,            NaN,            NaN,            NaN,            NaN,            NaN
1976, 0.014867741040, 0.015123602233, 0.015470421090, 0.015900464104, 0.016193617087, 0.015839401326, 0.015904202160, 0.015677577331, 0.014707524119, 0.015396067549, 0.015312208193, 0.277650138114, 0.272625063845, 0.273804411262, 0.264517471829, 0.258216740681, 0.261438154210, 0.260886964665, 0.266233456692, 0.277528701877, 0.260197435565, 0.265428560328, 0.034742306361, 0.034610141885, 0.034660448307, 0.034010265829, 0.033700436664, 0.033917898643, 0.033862566166, 0.033955362139, 0.034308150750, 0.034365177761, 0.034579924620, 0.046865333152, 0.046471404016, 0.047401236374, 0.046225677366, 0.046520157144, 0.047023365185, 0.046945410713, 0.047239635229, 0.047868548762, 0.046869973807, 0.047046189379, 0.151086969122, 0.154517710997, 0.157001001376, 0.156138851623, 0.158842269840, 0.160567037053, 0.159191383190, 0.155100112768, 0.154600327836, 0.153299880953, 0.153118514690, 0.029824597605, 0.030268091390, 0.030376043370, 0.030430937949, 0.030441763593, 0.030277955671, 0.030405879730, 0.029994213622, 0.029983401454, 0.029888491748, 0.029849683319,            NaN,            NaN,            NaN,            NaN,            NaN,            NaN,            NaN,            NaN,            NaN,            NaN,            NaN,            NaN,            NaN,            NaN,            NaN,            NaN,            NaN,            NaN,            NaN,            NaN,            NaN,            NaN
1977, 0.014959117120, 0.015588802384, 0.016031676524, 0.016481683579, 0.016720225449, 0.016580713962, 0.016440691033, 0.015951383748, 0.014777392756, 0.015303494253, 0.015280899817, 0.277937650992, 0.265570729803, 0.267076710411, 0.257358640051, 0.252231664446, 0.253500450994, 0.254691472311, 0.266235121421, 0.279905006679, 0.266662552024, 0.268071987057, 0.034239014746, 0.033913752358, 0.033977991694, 0.033297625561, 0.033045514094, 0.033131163711, 0.033250727226, 0.033451083674, 0.033878040305, 0.033921613440, 0.033979473223, 0.046925872704, 0.045956396368, 0.047143755988, 0.045913623582, 0.046153245080, 0.046351438695, 0.046519884266, 0.047155146519, 0.047916278809, 0.047153288770, 0.047200766973, 0.151439653197, 0.154480139190, 0.156450889594, 0.155874819546, 0.157235347224, 0.157731052912, 0.157731052912, 0.159364562052, 0.159864346984, 0.162526034210, 0.163345836382, 0.029765619838, 0.030158665041, 0.030244336218, 0.030281015603, 0.030286463738, 0.030239384620, 0.030239384620, 0.030403749300, 0.030414561467, 0.030608817732, 0.030784237535, 0.157924733473, 0.160451130823, 0.153473554238, 0.154519908548, 0.153535625396, 0.151836271879, 0.143865185591, 0.146961531550, 0.143266539963, 0.145088652346, 0.146777763474, 0.189875355721, 0.197986885669, 0.195218637311, 0.196537992191, 0.202485150841, 0.208254318708, 0.214690571005, 0.213339791833, 0.217659489159, 0.216041193207, 0.218889658152
1978, 0.015053145789, 0.016031419486, 0.016538877542, 0.016959050040, 0.017105124149, 0.017210306650, 0.016904553918, 0.016324368223, 0.015451726617, 0.015543551753, 0.015595996147, 0.278188608941, 0.258975464860, 0.260701061193, 0.251627279227, 0.248487711357, 0.247531129612, 0.250131832402, 0.263819468544, 0.273980458453, 0.271669136007, 0.268397668369, 0.033705478975, 0.033200154082, 0.033273761379, 0.032638502144, 0.032484118523, 0.032419544336, 0.032680622087, 0.032918190479, 0.033235552471, 0.033243157675, 0.033108858183, 0.046988450150, 0.045482279922, 0.046842791070, 0.045694213952, 0.045840949184, 0.045691524213, 0.046059340355, 0.046812589046, 0.047378347819, 0.047245176436, 0.047134973838, 0.151950270311, 0.154432482684, 0.155697782331, 0.155495493431, 0.155216553289, 0.154337103235, 0.155712757098, 0.162288287710, 0.163494875271, 0.168252577303, 0.169397678818, 0.029677975681, 0.029998852564, 0.030053856845, 0.030066736932, 0.030065619936, 0.030149144765, 0.030021220706, 0.030682854579, 0.030708957460, 0.031056185871, 0.031301212647, 0.157936238457, 0.160299597012, 0.154119174426, 0.154979755832, 0.154245452818, 0.153128944762, 0.148696450785, 0.150070956494, 0.148883572991, 0.149228437556, 0.149310552962, 0.189786245692, 0.197374305306, 0.194922315783, 0.196007428414, 0.200444176634, 0.204234631258, 0.207813647783, 0.207214020446, 0.208602152792, 0.208295863819, 0.208434340710
1979, 0.015147808858, 0.016435465114, 0.016971446279, 0.017315287169, 0.017345711522, 0.017672977735, 0.017286860397, 0.016819509283, 0.016623803084, 0.016233906198, 0.016329418525, 0.278384969729, 0.253095600053, 0.254918188388, 0.247492816014, 0.246838906010, 0.243862585013, 0.247146861271, 0.258172524357, 0.260451316368, 0.270265376706, 0.264307342613, 0.033148744077, 0.032483608377, 0.032561352980, 0.032041499583, 0.032009344523, 0.031808427550, 0.032138127454, 0.032329493518, 0.032400667880, 0.032368375575, 0.032123787812, 0.047051801410, 0.045069299455, 0.046506281964, 0.045566363766, 0.045596925818, 0.045132002999, 0.045596496608, 0.046203253406, 0.046330135392, 0.046895591757, 0.046694889531, 0.152597289809, 0.154384061110, 0.154820053655, 0.155022342555, 0.153164739903, 0.151169325338, 0.153395180045, 0.161761816313, 0.162968403874, 0.166486477247, 0.167012822641, 0.029562636302, 0.029793613156, 0.029812566340, 0.029799686253, 0.029792247616, 0.029981759980, 0.029774774506, 0.030616630515, 0.030642733396, 0.030899490758, 0.031012117205, 0.157957063104, 0.160004865633, 0.155327680097, 0.155849698379, 0.155551867742, 0.155401145864, 0.156474954561, 0.155363274148, 0.157489317201, 0.156077340641, 0.154474336924, 0.189606865046, 0.196181765680, 0.194326162804, 0.194984379013, 0.196783907987, 0.197295596584, 0.196428549930, 0.196913519881, 0.194428030462, 0.195682067245, 0.192978811185
1980, 0.015241048798, 0.016786482741, 0.017312899310, 0.017542358533, 0.017452304778, 0.017931304797, 0.017572625595, 0.017382203926, 0.017947665322, 0.017277504493, 0.017357858992, 0.278508548460, 0.248156464887, 0.249946529090, 0.244991271505, 0.246926795034, 0.242570531674, 0.245621421843, 0.250113815458, 0.243529614688, 0.260398174163, 0.255385681431, 0.032576065182, 0.031777775046, 0.031854132295, 0.031507212658, 0.031602389174, 0.031308318995, 0.031614589880, 0.031692561761, 0.031486914959, 0.031431410445, 0.031225638815, 0.047114636457, 0.044735254693, 0.046146594215, 0.045519347991, 0.045428886658, 0.044748406884, 0.045179892811, 0.045427115163, 0.045060510198, 0.046032425390, 0.045863574652, 0.153352922581, 0.154345515544, 0.153909522999, 0.154485593047, 0.151454261025, 0.148930969874, 0.151156824581, 0.157305374230, 0.157805159162, 0.157617068901, 0.157090723507, 0.029420870579, 0.029549183587, 0.029530230403, 0.029493551019, 0.029481412268, 0.029721059146, 0.029514073671, 0.030132744461, 0.030143556628, 0.030129829354, 0.030017202907, 0.157982913004, 0.159583006400, 0.156943403486, 0.157034177942, 0.157248460257, 0.158115219251, 0.164218636349, 0.161238961742, 0.165235591057, 0.163211510278, 0.161448461823, 0.189334952825, 0.194472389145, 0.193425166467, 0.193539624562, 0.192244904726, 0.189302327980, 0.184374124861, 0.185674006221, 0.181001673807, 0.182799346530, 0.179826195956
1981, 0.015330807102, 0.017072083009, 0.017551526951, 0.017641212133, 0.017444971823, 0.017972738688, 0.017741639721, 0.017895007760, 0.018978261471, 0.018374105977, 0.018390317329, 0.278541407653, 0.244343018190, 0.245973353345, 0.244036568356, 0.248254357395, 0.243454584188, 0.245420289368, 0.241802058285, 0.229188712840, 0.244395857810, 0.243384597921, 0.031994790025, 0.031095338199, 0.031164882021, 0.031029286902, 0.031236690460, 0.030912681085, 0.031110013088, 0.031047213541, 0.030653256213, 0.030603218437, 0.030561704442, 0.047175663049, 0.044494758984, 0.045780163404, 0.045535001361, 0.045337872877, 0.044588113665, 0.044866122401, 0.044667006367, 0.043964701679, 0.044840891210, 0.044806825928, 0.154183878435, 0.154327442214, 0.153062142568, 0.153924292320, 0.150380021756, 0.148072517557, 0.149448171419, 0.150432322817, 0.149932537885, 0.146170154807, 0.145025053292, 0.029254223549, 0.029272782114, 0.029217777833, 0.029162883254, 0.029148690477, 0.029367843221, 0.029239919162, 0.029338945072, 0.029328132904, 0.029053545238, 0.028808518462, 0.158007534818, 0.159056658485, 0.158756199916, 0.158399614175, 0.159071587782, 0.160658546041, 0.169082090795, 0.165891382726, 0.169046283607, 0.168051089003, 0.167805334427, 0.188967266219, 0.192335698364, 0.192216495955, 0.191766874699, 0.187706728345, 0.182319133294, 0.175517543485, 0.176909488073, 0.173221193641, 0.174105068541, 0.173690635599
1982, 0.015415062781, 0.017282396252, 0.017680797490, 0.017620783906, 0.017349500421, 0.017812584139, 0.017773587509, 0.018216895148, 0.019351707446, 0.019125721887, 0.019067907405, 0.278466247598, 0.241792107076, 0.243146858877, 0.244442874630, 0.250273565102, 0.246062052472, 0.246393753986, 0.235935320211, 0.222721629479, 0.228409892179, 0.232016344476, 0.031412240647, 0.030447674094, 0.030505462591, 0.030596197191, 0.030882912799, 0.030598614039, 0.030631912686, 0.030450391694, 0.030037683557, 0.030018966828, 0.030167018029, 0.047233610559, 0.044358625685, 0.045426752044, 0.045590804260, 0.045318292960, 0.044660424295, 0.044707336681, 0.044131795260, 0.043396063650, 0.043723804080, 0.043845290966, 0.155052276336, 0.154338877575, 0.152368127171, 0.153385102145, 0.150100497774, 0.148688847406, 0.148688847406, 0.144037006944, 0.142830419383, 0.138131564950, 0.137311762778, 0.029064490357, 0.028972268928, 0.028886597752, 0.028821845181, 0.028808692219, 0.028942762203, 0.028942762203, 0.028474691198, 0.028448588317, 0.028105654744, 0.027930234940, 0.158022935879, 0.158453385559, 0.160526397258, 0.159785760628, 0.160744763199, 0.162507624666, 0.169511845561, 0.167884417901, 0.168056515119, 0.168897044440, 0.170402391067, 0.188499753580, 0.189881802792, 0.190704238944, 0.189770365453, 0.183975955152, 0.177991182926, 0.172335625930, 0.173045590325, 0.172844396932, 0.172097886887, 0.174636457041
1983, 0.015491870304, 0.017410424981, 0.017699472466, 0.017496401328, 0.017193127419, 0.017491982434, 0.017655975878, 0.018233570322, 0.018931516598, 0.019200466760, 0.019103871029, 0.278266789721, 0.240586672630, 0.241569570179, 0.245954967216, 0.252473227222, 0.249755291728, 0.248360379562, 0.234733875725, 0.226607028441, 0.219837307490, 0.225862924035, 0.030835596364, 0.029844571622, 0.029886498248, 0.030193521711, 0.030514047538, 0.030330572915, 0.030190541330, 0.029954033976, 0.029700205120, 0.029722480293, 0.029969842435, 0.047287253454, 0.044333407361, 0.045108352839, 0.045663464997, 0.045358818486, 0.044934257348, 0.044736975592, 0.043987091093, 0.043534592351, 0.043144541580, 0.043347520387, 0.155916684570, 0.154385745797, 0.151902455418, 0.152919430392, 0.150610493108, 0.150510737703, 0.149135083841, 0.141076357967, 0.139869770406, 0.137528829802, 0.137710196064, 0.028853686283, 0.028655781032, 0.028547829052, 0.028483076482, 0.028473830508, 0.028483304671, 0.028611228730, 0.027800354851, 0.027774251970, 0.027603404557, 0.027642212985, 0.158019666611, 0.157803663617, 0.162013314135, 0.161020121481, 0.162022593432, 0.163356730644, 0.165832254465, 0.166673099900, 0.163745599584, 0.165740407428, 0.167564690405, 0.187927776384, 0.187234253353, 0.188904368757, 0.187652045750, 0.181594988164, 0.177065700139, 0.175066838841, 0.174700020497, 0.178122468150, 0.176350793972, 0.179427208557
1984, 0.015559396285, 0.017452283039, 0.017611436580, 0.017287780109, 0.017000645414, 0.017071029158, 0.017392226223, 0.017901304314, 0.017861987633, 0.018486908100, 0.018410417340, 0.277928145763, 0.240752142704, 0.241293339680, 0.248282821997, 0.254454202197, 0.253814097582, 0.251082026806, 0.239071948410, 0.239529749637, 0.223799931341, 0.228571405032, 0.030271780012, 0.029294013972, 0.029317099352, 0.029806435905, 0.030109904428, 0.030066694075, 0.029792428635, 0.029583976643, 0.029598275320, 0.029650032907, 0.029845910282, 0.047335434023, 0.044421106790, 0.044847802481, 0.045732544861, 0.045444110610, 0.045344121650, 0.044957726196, 0.044296795724, 0.044322285864, 0.043415981483, 0.043576713257, 0.156733264536, 0.154469385672, 0.151716637081, 0.152578786834, 0.151748834837, 0.152990374276, 0.150764519570, 0.143160553572, 0.142660768640, 0.144318984460, 0.145351995461, 0.028624013502, 0.028331360705, 0.028211695013, 0.028156800434, 0.028153476951, 0.028035563071, 0.028242548546, 0.027477432881, 0.027466620714, 0.027587641249, 0.027808683096, 0.157987157260, 0.157138641154, 0.163003998509, 0.161934584252, 0.162725926003, 0.163173755644, 0.160021626836, 0.162863161467, 0.158822813325, 0.160354641854, 0.160762264931, 0.187246372999, 0.184522033614, 0.186849025754, 0.185500594439, 0.180719211226, 0.179198865786, 0.181744051667, 0.180504433793, 0.185227876499, 0.183867394057, 0.184554797051
1985, 0.015615954272, 0.017407312658, 0.017425262540, 0.017016837150, 0.016791410011, 0.016618192629, 0.017006916109, 0.017268731936, 0.016509074247, 0.017167071245, 0.017157315382, 0.277437165858, 0.242255164261, 0.242316202313, 0.251136301099, 0.255981402056, 0.257556726699, 0.254250282844, 0.248073571136, 0.256918982663, 0.240356597892, 0.240965166105, 0.029727349450, 0.028802027643, 0.028804631291, 0.029422130061, 0.029660380758, 0.029766723273, 0.029434798021, 0.029327592405, 0.029603864446, 0.029658361520, 0.029683344314, 0.047377083931, 0.044619071855, 0.044667196060, 0.045783661464, 0.045557214053, 0.045803291130, 0.045335662369, 0.044995749768, 0.045488257803, 0.044533983468, 0.044554483686, 0.157456989250, 0.154585272601, 0.151832524010, 0.152408594057, 0.153238546054, 0.155455474241, 0.153229619534, 0.149724143195, 0.150223928127, 0.154718718787, 0.155751729788, 0.028377825281, 0.028006596979, 0.027886931287, 0.027850251902, 0.027853575385, 0.027643025001, 0.027850010476, 0.027497287324, 0.027508099491, 0.027836140004, 0.028057181852, 0.157914098809, 0.156487827819, 0.163338803620, 0.162383034797, 0.162762267880, 0.162170193024, 0.154789731374, 0.158051812426, 0.155640600960, 0.155467545243, 0.154070701762, 0.186450555727, 0.181871212794, 0.184589234200, 0.183384099143, 0.181092726679, 0.183102772970, 0.189062125501, 0.187639044489, 0.190457915243, 0.190611613428, 0.188256019636
1986, 0.015660036989, 0.017278075470, 0.017153546147, 0.016705548932, 0.016577604686, 0.016198021391, 0.016545740919, 0.016468366526, 0.015315325431, 0.015666414683, 0.015729341038, 0.276782758910, 0.245004733425, 0.244581275090, 0.254255942188, 0.257005845283, 0.260457963730, 0.257500295477, 0.259325698196, 0.272751644027, 0.263914407244, 0.259989077579, 0.029208396185, 0.028372602351, 0.028354539249, 0.029031866701, 0.029167089132, 0.029400124879, 0.029103212298, 0.029134894759, 0.029554232338, 0.029583310490, 0.029422168813, 0.047411244215, 0.044920079015, 0.044586211948, 0.045810850285, 0.045682326970, 0.046221572783, 0.045803271188, 0.045903725510, 0.046651275376, 0.046142100618, 0.046009872036, 0.158042905699, 0.154722042784, 0.152238752405, 0.152441041304, 0.154749978588, 0.157288923177, 0.155913269314, 0.158186065070, 0.159392652631, 0.163572702855, 0.163754069117, 0.028117588396, 0.027688298722, 0.027580346742, 0.027567466655, 0.027576712628, 0.027335579081, 0.027463503140, 0.027692193225, 0.027718296106, 0.028023366114, 0.028062174543, 0.157788856533, 0.155876873782, 0.162930777551, 0.162258344245, 0.162129154161, 0.160700245059, 0.152367847772, 0.154236471729, 0.155090766935, 0.153353129064, 0.151480755565, 0.185535631464, 0.179396808787, 0.182195338806, 0.181347463324, 0.182128045537, 0.186979076472, 0.193707069275, 0.192891883132, 0.191893153736, 0.193436424260, 0.190278911301
1987, 0.015690345458, 0.017070218569, 0.016812059299, 0.016374066446, 0.016363909875, 0.015859556775, 0.016069190157, 0.015679792998, 0.014629638803, 0.014492413970, 0.014589661685, 0.275956179183, 0.248855684707, 0.247977821631, 0.257436440805, 0.257654735792, 0.262241572625, 0.260458451609, 0.269645039048, 0.281872975591, 0.285327049825, 0.279260762695, 0.028720452849, 0.028007682756, 0.027970236496, 0.028632438344, 0.028643172678, 0.028952807752, 0.028773804897, 0.028933251187, 0.029315170895, 0.029303805567, 0.029054773826, 0.047437083358, 0.045312602441, 0.044620469248, 0.045817759814, 0.045807557274, 0.046524054288, 0.046271868342, 0.046777418379, 0.047458263695, 0.047657276967, 0.047452928131, 0.158447409017, 0.154860911250, 0.152890160846, 0.152687871947, 0.155972476318, 0.158085160394, 0.158085160394, 0.165047131636, 0.166253719197, 0.167188379456, 0.166368577284, 0.027845844551, 0.027382216121, 0.027296544945, 0.027309425032, 0.027322577994, 0.027121928084, 0.027121928084, 0.027822445847, 0.027848548728, 0.027916762457, 0.027741342653, 0.157599903681, 0.155325597266, 0.161776554999, 0.161506843048, 0.160902040433, 0.159126385330, 0.153541040963, 0.152977088818, 0.156517122781, 0.154623664247, 0.154057109601, 0.184497535483, 0.177195396496, 0.179754716761, 0.179414635227, 0.183068926269, 0.189097131854, 0.193607017234, 0.193853041038, 0.189714499750, 0.191396161271, 0.190440740979
1988, 0.015705814466, 0.016792221600, 0.016418777606, 0.016039258200, 0.016148501153, 0.015627795165, 0.015640813422, 0.015076117414, 0.014580837775, 0.014026202351, 0.014098487746, 0.274951273584, 0.253614405521, 0.252344520103, 0.260540383370, 0.258192426786, 0.262927984879, 0.262817252856, 0.276139459103, 0.281906467435, 0.295867147076, 0.291358002986, 0.028268411122, 0.027707230165, 0.027653061741, 0.028226857524, 0.028111400221, 0.028431074745, 0.028419958647, 0.028651184483, 0.028831307608, 0.028785371217, 0.028600262932, 0.047453913125, 0.045781258441, 0.044780043247, 0.045817491694, 0.045927229075, 0.046666957422, 0.046651296646, 0.047384435247, 0.047705539351, 0.048509911333, 0.048358016389, 0.158629496068, 0.154975553887, 0.153710254240, 0.153134184192, 0.156678454757, 0.157742228763, 0.159117882626, 0.167432935800, 0.167932720732, 0.164966697070, 0.163821595555, 0.027565171634, 0.027092824631, 0.027037820349, 0.027074499734, 0.027088692511, 0.026987661712, 0.026859737654, 0.027696403341, 0.027707215508, 0.027490748046, 0.027245721270, 0.157336262090, 0.154846402344, 0.159957423670, 0.160138318549, 0.159211506194, 0.157698120524, 0.157339322576, 0.154656401243, 0.158479727956, 0.157965539301, 0.159243815346, 0.183333167294, 0.175338949009, 0.177366669697, 0.177594761214, 0.183194674306, 0.188332496361, 0.188622207705, 0.189792630618, 0.185322900772, 0.185779573712, 0.187935219034
1989, 0.015705633919, 0.016455035582, 0.015992844412, 0.015713796759, 0.015925102355, 0.015499975650, 0.015312744127, 0.014771023569, 0.015043787452, 0.014358319225, 0.014361576028, 0.273764684825, 0.259046552087, 0.257474884480, 0.263501022721, 0.258959435808, 0.262825748568, 0.264418321568, 0.277198495140, 0.274022447786, 0.291276308455, 0.291073149933, 0.027856451484, 0.027469349882, 0.027402308591, 0.027824201026, 0.027600875185, 0.027861871179, 0.028021745418, 0.028243563506, 0.028144364833, 0.028087592519, 0.028079252505, 0.047461201850, 0.046307407694, 0.045068258504, 0.045831058901, 0.046043320856, 0.046647266810, 0.046872503642, 0.047575813469, 0.047398972760, 0.048393087837, 0.048386244243, 0.158551966474, 0.155032497304, 0.154596504759, 0.153734355007, 0.156765687028, 0.156467035839, 0.158692890546, 0.164376551379, 0.163876766447, 0.159089549632, 0.158563204237, 0.027278145602, 0.026823181994, 0.026804228811, 0.026859123389, 0.026871262140, 0.026899626217, 0.026692640743, 0.027264534139, 0.027253721971, 0.026904339501, 0.026791713054, 0.156987936272, 0.154443204068, 0.157630379797, 0.158229764883, 0.157216326967, 0.156484272808, 0.161511301911, 0.158201351244, 0.159713267918, 0.160995219186, 0.162902192713, 0.182040717349, 0.173870319497, 0.175134783437, 0.175890551948, 0.182013867230, 0.184499131943, 0.180440058131, 0.181884022236, 0.180116488465, 0.178977932705, 0.182193794084
1990, 0.015689265682, 0.016071628410, 0.015553534130, 0.015405838151, 0.015685672144, 0.015447510949, 0.015112304095, 0.014783766219, 0.015707175714, 0.015245053229, 0.015177296044, 0.272396006422, 0.264886461578, 0.263124697076, 0.266314246885, 0.260299780515, 0.262465736350, 0.265316973022, 0.273067779256, 0.262315650902, 0.273947695454, 0.278174371010, 0.027487985967, 0.027290477431, 0.027215327339, 0.027438629042, 0.027142876526, 0.027289089683, 0.027575317876, 0.027709844141, 0.027374018902, 0.027335744680, 0.027509257135, 0.047458584963, 0.046869891472, 0.045480864271, 0.045884603741, 0.046165704249, 0.046504042180, 0.046907291209, 0.047333828310, 0.046735155247, 0.047405358345, 0.047547738060, 0.158182540315, 0.154992030584, 0.155428023129, 0.154411048156, 0.156268650807, 0.154695592804, 0.156921447511, 0.157250173545, 0.156043585984, 0.152791512410, 0.153317857804, 0.026987303774, 0.026574864924, 0.026593818108, 0.026658570678, 0.026666009314, 0.026815408816, 0.026608423341, 0.026641499954, 0.026615397073, 0.026378053008, 0.026490679455, 0.156546327627, 0.154110944982, 0.155010155877, 0.155921614532, 0.155078935679, 0.155379293481, 0.163560508188, 0.161464151412, 0.159638594960, 0.161677365124, 0.162398769299, 0.180619973485, 0.172800665389, 0.173157413760, 0.174306677841, 0.179398246071, 0.178378555607, 0.171772635152, 0.172687169609, 0.174821369684, 0.173010650689, 0.174227204454
1991, 0.015656455597, 0.015656455597, 0.015119274842, 0.015119274842, 0.015423227514, 0.015423227514, 0.015033634023, 0.015033634023, 0.016210252548, 0.016210252548, 0.016112787181, 0.270847886332, 0.270847886332, 0.269021218827, 0.269021218827, 0.262488370177, 0.262488370177, 0.265802214248, 0.265802214248, 0.252101734155, 0.252101734155, 0.258181598360, 0.027165614863, 0.027165614863, 0.027087696258, 0.027087696258, 0.026766453057, 0.026766453057, 0.027099121197, 0.027099121197, 0.026671208986, 0.026671208986, 0.026920798090, 0.047445872544, 0.047445872544, 0.046005673897, 0.046005673897, 0.046311002243, 0.046311002243, 0.046779677613, 0.046779677613, 0.046016841818, 0.046016841818, 0.046221648011, 0.157494863760, 0.154809621544, 0.156074921191, 0.155057946217, 0.155336886360, 0.152953032679, 0.154328686542, 0.149144956184, 0.147938368623, 0.148501479767, 0.149646581282, 0.026695110291, 0.026347987635, 0.026402991916, 0.026467744486, 0.026468861482, 0.026695265436, 0.026567341377, 0.026045751289, 0.026019648408, 0.026060745599, 0.026305772374, 0.156004615962, 0.153835748119, 0.152344263732, 0.153405972835, 0.152948069688, 0.154177822521, 0.161881348531, 0.162164344098, 0.158240229416, 0.159382918904, 0.158232420304, 0.179072596448, 0.172108990166, 0.171517266212, 0.172855982049, 0.175622688612, 0.171447777121, 0.165227566326, 0.165104109670, 0.169691667530, 0.168676796114, 0.166736630735
1992, 0.015607240464, 0.015224877735, 0.014706783455, 0.014854479434, 0.015134313427, 0.015372474622, 0.015037267768, 0.015365805643, 0.016289215138, 0.016751337622, 0.016683580437, 0.269126076960, 0.276635621804, 0.274873857302, 0.271684307493, 0.265669841124, 0.263503885289, 0.266355121961, 0.258604315727, 0.247852187372, 0.236220142821, 0.240446818377, 0.026891098076, 0.027088606611, 0.027013456519, 0.026790154815, 0.026494402298, 0.026348189141, 0.026634417334, 0.026499891069, 0.026164065829, 0.026202340050, 0.026375852505, 0.047423053762, 0.048011747254, 0.046622720053, 0.046218980582, 0.046500081090, 0.046161743158, 0.046564992186, 0.046138455085, 0.045539782022, 0.044869578924, 0.045011958639, 0.156469376547, 0.154437788757, 0.156408539160, 0.155546389408, 0.154185861730, 0.151693780946, 0.151693780946, 0.143481575934, 0.142981791002, 0.146965287443, 0.147785089615, 0.026403924396, 0.026141299987, 0.026226971164, 0.026281865743, 0.026276417607, 0.026513100314, 0.026513100314, 0.025686783272, 0.025675971105, 0.025966696150, 0.026142115953, 0.155358096373, 0.153595709279, 0.149883924408, 0.150907384918, 0.150950551952, 0.152687918326, 0.156493940959, 0.158998918484, 0.155639348171, 0.154959540167, 0.153031706401, 0.177402354636, 0.171743840275, 0.170271245564, 0.171561733505, 0.171300913028, 0.165402694582, 0.162329522241, 0.161236727214, 0.165164294178, 0.165768060747, 0.162517021303
1993, 0.015541949827, 0.014792548165, 0.014330356994, 0.014609404647, 0.014820710243, 0.015245836948, 0.015058605424, 0.015600325982, 0.015873089865, 0.016558558092, 0.016561814895, 0.267239430199, 0.281957562938, 0.280385895331, 0.274359757091, 0.269818170178, 0.265951857418, 0.267544430418, 0.254764256846, 0.251588209493, 0.234334348823, 0.234131190300, 0.026665341548, 0.027052443151, 0.026985401860, 0.026563509425, 0.026340183584, 0.026079187590, 0.026239061829, 0.026017243740, 0.025918045067, 0.025974817382, 0.025966477368, 0.047390298139, 0.048544092294, 0.047304943103, 0.046542142706, 0.046754404660, 0.046150458706, 0.046375695538, 0.045672385711, 0.045495545002, 0.044501429925, 0.044494586331, 0.155094018611, 0.153828351113, 0.156311641492, 0.155735571444, 0.153032153228, 0.151166310569, 0.149790656706, 0.142485167702, 0.142984952634, 0.147595989468, 0.147414623205, 0.026115972158, 0.025952358663, 0.026060310644, 0.026096990028, 0.026086164384, 0.026263370795, 0.026391294854, 0.025656212125, 0.025667024293, 0.026003548728, 0.025964740300, 0.154604460775, 0.153362288506, 0.147854256417, 0.148657760066, 0.149191034073, 0.150840130850, 0.149059048220, 0.152393020232, 0.151877968541, 0.149926806267, 0.149055750297, 0.175615309271, 0.171627053997, 0.169441825272, 0.170454968192, 0.167232861714, 0.161634311414, 0.163072446287, 0.161618002884, 0.162220133461, 0.163953044141, 0.162484122201
1994, 0.015461202553, 0.014374795419, 0.014001351426, 0.014380870832, 0.014490113785, 0.015010819773, 0.015023838031, 0.015588534039, 0.015093254400, 0.015647889824, 0.015720175219, 0.265199837165, 0.286536705228, 0.285266819810, 0.277070956544, 0.274722999960, 0.269987441867, 0.269876709844, 0.256554503597, 0.262321511929, 0.248360832289, 0.243851688199, 0.026488398928, 0.027049579885, 0.026995411461, 0.026421615678, 0.026306158374, 0.025986483850, 0.025975367752, 0.025744141916, 0.025924265040, 0.025970201432, 0.025785093147, 0.047347953577, 0.049020608261, 0.048019393067, 0.046981944620, 0.047091682001, 0.046351953653, 0.046336292876, 0.045603154275, 0.045924258380, 0.045119886397, 0.044967991452, 0.153364757082, 0.152934950863, 0.155687699453, 0.155485410554, 0.152028411694, 0.151338707696, 0.149112852989, 0.146214783159, 0.147421370720, 0.149427132025, 0.148394121024, 0.025833322138, 0.025777760864, 0.025897426556, 0.025910306644, 0.025896463340, 0.025961967240, 0.026168952714, 0.025877347173, 0.025903450054, 0.026049835284, 0.025828793437, 0.153744014941, 0.153102219974, 0.146427206394, 0.146868096719, 0.147756041152, 0.148751259964, 0.142173745396, 0.144482730693, 0.147161737738, 0.145521094101, 0.146535525888, 0.173719942557, 0.171659324859, 0.169011113813, 0.169567035259, 0.164201966878, 0.160823279433, 0.166134292476, 0.165126998948, 0.161995056887, 0.163452182682, 0.165162889182
1995, 0.015365898221, 0.013986025109, 0.013727865839, 0.014165858692, 0.014155702120, 0.014660055220, 0.014869688602, 0.015259085760, 0.014208931565, 0.014346156398, 0.014443404113, 0.263022113254, 0.290122607730, 0.289244744654, 0.279786125480, 0.280004420468, 0.275417583635, 0.273634462620, 0.264447875180, 0.276675811723, 0.273221737489, 0.267155450359, 0.026359488362, 0.027072258455, 0.027034812195, 0.026372610348, 0.026383344682, 0.026073709608, 0.025894706752, 0.025735260462, 0.026117180170, 0.026128545498, 0.025879513757, 0.047296541214, 0.049421022132, 0.048728888938, 0.047531598371, 0.047521395832, 0.046804898818, 0.046552712872, 0.046047162835, 0.046728008151, 0.046528994878, 0.046324646042, 0.151285919243, 0.151715725463, 0.154468474054, 0.154670762953, 0.151213764093, 0.151903468091, 0.149677613384, 0.152575683214, 0.153782270775, 0.151776509470, 0.150743498470, 0.025557865413, 0.025613426686, 0.025733092378, 0.025720212291, 0.025706368988, 0.025640865088, 0.025847850563, 0.026139456104, 0.026165558985, 0.026019173755, 0.025798131907, 0.152779823711, 0.152779823711, 0.145700416295, 0.145700416295, 0.146717518333, 0.146717518333, 0.138263517946, 0.138263517946, 0.142318474114, 0.142318474114, 0.144253278034, 0.171727222957, 0.171727222957, 0.168918574751, 0.168918574751, 0.162773120399, 0.162773120399, 0.169599301604, 0.169599301604, 0.164858781118, 0.164858781118, 0.168121574814
1996, 0.015257203488, 0.013639165007, 0.013514635684, 0.013962632898, 0.013834688653, 0.014214271948, 0.014561991476, 0.014639365870, 0.013486324775, 0.013135235523, 0.013198161878, 0.260723830149, 0.292501855634, 0.292078397298, 0.282403730199, 0.285153633294, 0.281701514847, 0.278743846595, 0.276918443876, 0.290344389707, 0.299181626491, 0.295256296826, 0.026277024047, 0.027112817881, 0.027094754778, 0.026417427326, 0.026552649756, 0.026319614008, 0.026022701427, 0.025991018967, 0.026410356547, 0.026381278395, 0.026220136718, 0.047236747170, 0.049727912370, 0.049394045303, 0.048169406966, 0.048040883651, 0.047501637838, 0.047083336242, 0.046982881920, 0.047730431787, 0.048239606544, 0.048107377962, 0.148870321821, 0.150135989319, 0.152619279699, 0.153195349746, 0.150491931529, 0.152357774188, 0.150982120325, 0.158287609330, 0.158787394261, 0.154176357427, 0.153994991164, 0.025291300266, 0.025454913761, 0.025562865742, 0.025526186357, 0.025515360713, 0.025338154302, 0.025466078360, 0.026201161089, 0.026211973256, 0.025875448821, 0.025836640392, 0.151717779093, 0.152359574059, 0.145684560480, 0.145243670155, 0.146131614589, 0.145136395777, 0.138558881209, 0.136249895912, 0.138928902957, 0.140569546594, 0.141583978381, 0.169650603490, 0.171711221188, 0.169063010142, 0.168507088696, 0.163142020315, 0.166520707760, 0.171831720803, 0.172839014332, 0.169707072271, 0.168249946475, 0.169960652975
1997, 0.015136533659, 0.013345175274, 0.013363125156, 0.013771550547, 0.013546123408, 0.013719340790, 0.014108064270, 0.013846248443, 0.013086590754, 0.012428593755, 0.012418837892, 0.258325097340, 0.293507098937, 0.293568136989, 0.284748038204, 0.289593139161, 0.288017814519, 0.284711370664, 0.290888082372, 0.299733493899, 0.316295878670, 0.316904446883, 0.026238661880, 0.027163983688, 0.027166587336, 0.026549088566, 0.026787339263, 0.026680996748, 0.026349071496, 0.026456277112, 0.026732549154, 0.026678052080, 0.026703034874, 0.047169411332, 0.049927423408, 0.049975547613, 0.048859082209, 0.048632634798, 0.048386557721, 0.047918928960, 0.048258841561, 0.048751349596, 0.049705623931, 0.049726124149, 0.146139191966, 0.148170779756, 0.150141530159, 0.151003679911, 0.149643152234, 0.152135233018, 0.152135233018, 0.160347438030, 0.159847653098, 0.155864156657, 0.156683958829, 0.025035121713, 0.025297746122, 0.025383417299, 0.025328522720, 0.025323074585, 0.025086391878, 0.025086391878, 0.025912708920, 0.025901896753, 0.025611171708, 0.025786591511, 0.150566588155, 0.151808760423, 0.146300728334, 0.145497224685, 0.146030498692, 0.144381401914, 0.142600319284, 0.139266347272, 0.138751295581, 0.140702457854, 0.139831401884, 0.167505950819, 0.171494206093, 0.169308977368, 0.168295834448, 0.165073727970, 0.170672278270, 0.172110413143, 0.173564856546, 0.174166987123, 0.172434076442, 0.170965154502
1998, 0.015005529769, 0.013112643014, 0.013271796554, 0.013595453025, 0.013308318331, 0.013237934587, 0.013559131652, 0.013050053561, 0.013010736880, 0.012385816413, 0.012309325653, 0.255848296625, 0.293024299684, 0.293565496660, 0.286576014343, 0.292747394543, 0.293387499158, 0.290655428382, 0.302665506777, 0.303123308005, 0.318853126301, 0.323624599991, 0.026241358335, 0.027219124374, 0.027242209754, 0.026752873201, 0.027056341724, 0.027099552078, 0.026825286637, 0.027033738629, 0.027048037305, 0.026996279719, 0.027192157094, 0.047095513386, 0.050009840619, 0.050436536310, 0.049551793929, 0.049263359678, 0.049363348638, 0.048976953185, 0.049637883657, 0.049663373798, 0.050569678180, 0.050730409954, 0.143121880411, 0.145807122628, 0.147072422275, 0.148089397248, 0.148368337391, 0.150752191071, 0.152127844934, 0.157311575292, 0.156104987731, 0.155541876588, 0.156686978103, 0.024790615941, 0.025137738597, 0.025192742878, 0.025127990308, 0.025129107304, 0.024902703350, 0.024774779292, 0.025296369380, 0.025270266499, 0.025229169308, 0.025474196084, 0.149337679945, 0.151100067039, 0.147388282168, 0.146364821658, 0.146407988692, 0.144670622318, 0.148476644951, 0.145971667426, 0.142612097113, 0.143291905117, 0.141364071350, 0.165311404912, 0.170969919273, 0.169497324562, 0.168206836621, 0.167946016144, 0.173844234590, 0.170771062249, 0.171863857276, 0.175791424241, 0.175187657672, 0.171936618228
1999, 0.014866031586, 0.012947476909, 0.013236524394, 0.013439595532, 0.013136321623, 0.012837466608, 0.013001460051, 0.012423865606, 0.013121811882, 0.012852861720, 0.012756265989, 0.253317773929, 0.290997891020, 0.291980788570, 0.287595391533, 0.294113651540, 0.296831587033, 0.295436674867, 0.309063178703, 0.300936331419, 0.307706052370, 0.313731668915, 0.026281441423, 0.027272466165, 0.027314392791, 0.027007369327, 0.027327895154, 0.027511369777, 0.027371338192, 0.027607845546, 0.027354016690, 0.027331741517, 0.027579103659, 0.047016156323, 0.049970002415, 0.050744947893, 0.050189835734, 0.049885189223, 0.050309750361, 0.050112468606, 0.050862353105, 0.050409854363, 0.050799905134, 0.051002883942, 0.139855372420, 0.143045882151, 0.143481874696, 0.144498849669, 0.146356452321, 0.147929510324, 0.150155365031, 0.149826638997, 0.148620051436, 0.151872125010, 0.152398470404, 0.024558859598, 0.024971298448, 0.024990251632, 0.024925499061, 0.024932937698, 0.024783538196, 0.024576552722, 0.024543476109, 0.024517373228, 0.024754717293, 0.024867343740, 0.148045032965, 0.150213900808, 0.148722416422, 0.147660707320, 0.147202804174, 0.145973051342, 0.153676577352, 0.153393581784, 0.149469467102, 0.148326777614, 0.147176279013, 0.163087171022, 0.170050777304, 0.169459053350, 0.168120337513, 0.170887044076, 0.175061955568, 0.168841744773, 0.168965201429, 0.173552759288, 0.174567630704, 0.172627465325
2000, 0.014720047010, 0.012852713540, 0.013251114778, 0.013311128362, 0.013039844877, 0.012576761160, 0.012537764530, 0.012094456890, 0.013229269188, 0.013455254747, 0.013397440265, 0.250759493513, 0.287433634035, 0.288788385837, 0.287492370085, 0.293323060557, 0.297534573188, 0.297866274702, 0.308324708476, 0.295111017744, 0.289422755043, 0.293029207340, 0.026354692402, 0.027319258955, 0.027377047453, 0.027286312853, 0.027573028461, 0.027857327221, 0.027890625869, 0.028072146861, 0.027659438724, 0.027678155453, 0.027826206654, 0.046932547719, 0.049807532593, 0.050875658952, 0.050711606736, 0.050439095436, 0.051096964101, 0.051143876486, 0.051719417907, 0.050983686297, 0.050655945867, 0.050777432752, 0.136383607117, 0.139903076287, 0.139467083742, 0.140329233494, 0.143360565516, 0.143659216704, 0.145885071411, 0.140201410578, 0.139701625646, 0.144488842461, 0.143962497067, 0.024340723765, 0.024795687373, 0.024776734190, 0.024721839611, 0.024733978362, 0.024705614285, 0.024498628810, 0.023926735415, 0.023915923247, 0.024265305717, 0.024152679270, 0.146704927039, 0.149140309684, 0.150039520579, 0.149128061924, 0.148285383072, 0.147985025270, 0.156166239978, 0.158262596754, 0.156437040302, 0.154398270138, 0.155119674313, 0.160855247713, 0.168674555809, 0.169031304181, 0.167882040100, 0.172973608329, 0.173993298794, 0.167387378340, 0.166472843883, 0.168607043958, 0.170417762953, 0.171634316718
2001, 0.014569718387, 0.012828442480, 0.013307886423, 0.013218201241, 0.013021960930, 0.012494194065, 0.012263095098, 0.012109727059, 0.013192980769, 0.013797136263, 0.013813347615, 0.248200660364, 0.282399049827, 0.284029384982, 0.285966169971, 0.290183959010, 0.294983732217, 0.296949437397, 0.300567668480, 0.287954323035, 0.272747178066, 0.271735918177, 0.026456436715, 0.027355888540, 0.027425432363, 0.027561027482, 0.027768431040, 0.028092440415, 0.028289772417, 0.028352571964, 0.027958614635, 0.028008652411, 0.027967138417, 0.046845979120, 0.049526883185, 0.050812287605, 0.051057449648, 0.050860321164, 0.051610080376, 0.051888089112, 0.052087205146, 0.051384900458, 0.050508710927, 0.050474645645, 0.132756620557, 0.136410562739, 0.135145263092, 0.135721333140, 0.139265603704, 0.138201829697, 0.139577483560, 0.131262430386, 0.131762215318, 0.134728238979, 0.133583137464, 0.024136882320, 0.024609229324, 0.024554225043, 0.024517545658, 0.024531738435, 0.024632769233, 0.024504845175, 0.023668179488, 0.023678991655, 0.023895459117, 0.023650432341, 0.145335625610, 0.147880357814, 0.151067533544, 0.150468148458, 0.149454710542, 0.150186764701, 0.155213793804, 0.158523744471, 0.160035661145, 0.158753709877, 0.160660683404, 0.158639096533, 0.166809494385, 0.168073958325, 0.167318189815, 0.173441505097, 0.170956240384, 0.166897166572, 0.165453202467, 0.163685668696, 0.164824224456, 0.168040085834
2002, 0.014417286346, 0.012871852404, 0.013398268973, 0.013168809750, 0.013078755995, 0.012599755976, 0.012241076774, 0.012431498442, 0.012996959838, 0.013667120666, 0.013747475165, 0.245669317111, 0.276021400684, 0.277811464887, 0.282766722472, 0.284702246000, 0.289058509360, 0.292109399528, 0.287617005913, 0.281032805143, 0.264164245669, 0.259151752937, 0.026581642438, 0.027379932574, 0.027456289822, 0.027803209459, 0.027898385975, 0.028192456154, 0.028498727040, 0.028420755159, 0.028215108358, 0.028270612873, 0.028064841243, 0.046757803887, 0.049137185651, 0.050548525173, 0.051175771397, 0.051085310064, 0.051765789837, 0.052197275763, 0.051950053411, 0.051583448445, 0.050611533254, 0.050442682516, 0.129029532232, 0.132616029999, 0.130645279596, 0.130847568496, 0.134132172867, 0.132019488791, 0.132019488791, 0.125057517549, 0.126264105110, 0.125329444850, 0.124509642679, 0.023947824302, 0.024411452732, 0.024325781555, 0.024312901468, 0.024326054430, 0.024526704341, 0.024526704341, 0.023826186577, 0.023852289458, 0.023784075729, 0.023608655926, 0.143956996519, 0.146446856265, 0.151557877590, 0.151376982711, 0.150450170357, 0.151963556027, 0.151604758079, 0.154287679412, 0.158111006125, 0.158625194780, 0.159903470825, 0.156463260649, 0.164457478934, 0.166485199622, 0.166257108105, 0.171857021198, 0.166719199142, 0.167008910485, 0.165838487573, 0.161368757727, 0.160912084787, 0.163067730110
2003, 0.014265051792, 0.012977395537, 0.013513376702, 0.013169535813, 0.013199960166, 0.012872693952, 0.012486576615, 0.012953927729, 0.012758221529, 0.013148118415, 0.013243630742, 0.243193922298, 0.268483291974, 0.270305880309, 0.277731252683, 0.277077342679, 0.280053663677, 0.283337939935, 0.272312276848, 0.274591068860, 0.264777008522, 0.258818974429, 0.026725024445, 0.027390160145, 0.027467904748, 0.027987758144, 0.027955603084, 0.028156520057, 0.028486219962, 0.028294853898, 0.028366028260, 0.028398320565, 0.028153732801, 0.046669413901, 0.048651915856, 0.050088898365, 0.051028816564, 0.051059378616, 0.051524301434, 0.051988795042, 0.051382038244, 0.051508920229, 0.050943463864, 0.050742761637, 0.125261398634, 0.128582261549, 0.126098971170, 0.125896682270, 0.128205619554, 0.125666674965, 0.124291021102, 0.122018225346, 0.123224812907, 0.119044762684, 0.119226128946, 0.023773869804, 0.024203159478, 0.024095207498, 0.024108087585, 0.024117333558, 0.024358467105, 0.024486391164, 0.024257701078, 0.024283803959, 0.023978733951, 0.024017542380, 0.142590081115, 0.144864387530, 0.151315345262, 0.151585057213, 0.150980254598, 0.152755909700, 0.147170565333, 0.147734517478, 0.151274551441, 0.153168009976, 0.152601455330, 0.154352941302, 0.161655080289, 0.164214400554, 0.164554482088, 0.168208773129, 0.162180567543, 0.166690452923, 0.166444429119, 0.162305887831, 0.160624226310, 0.159668806018
2004, 0.014115336716, 0.013137063019, 0.013644521076, 0.013224348577, 0.013370422686, 0.013265240185, 0.012959487453, 0.013539673148, 0.012667031542, 0.012575206406, 0.012627650800, 0.240802917189, 0.260016061271, 0.261741657603, 0.270815439569, 0.267675871698, 0.268632453443, 0.271233156233, 0.257545520090, 0.267706509999, 0.270017832445, 0.266746364807, 0.026881152347, 0.027386477240, 0.027460084538, 0.028095343773, 0.027940960151, 0.028005534338, 0.028266612090, 0.028029043698, 0.028346405691, 0.028338800487, 0.028204500995, 0.046582215537, 0.048088385765, 0.049448896913, 0.050597474031, 0.050744209264, 0.050893634235, 0.051261450378, 0.050508201687, 0.051073960460, 0.051207131844, 0.051096929245, 0.121513960797, 0.124385677446, 0.121632928855, 0.121056858807, 0.121886810804, 0.119669882617, 0.117444027910, 0.120949504250, 0.121449289182, 0.116954498522, 0.117987509522, 0.023615188816, 0.023986417119, 0.023866751427, 0.023903430812, 0.023906754295, 0.024117304679, 0.024324290153, 0.024677013306, 0.024687825473, 0.024359784960, 0.024580826807, 0.141256623089, 0.143168605840, 0.150222509610, 0.150894942916, 0.150765752833, 0.152194661935, 0.143862264648, 0.141993640690, 0.142847935896, 0.144585573766, 0.142713200267, 0.152333542238, 0.158472364915, 0.161270894934, 0.162118770416, 0.162899352629, 0.158048321694, 0.164776314497, 0.165591500640, 0.164592771245, 0.163049500722, 0.159891987763
2005, 0.013970444523, 0.013340759258, 0.013783633399, 0.013333626343, 0.013572168213, 0.013711679701, 0.013571656772, 0.014060964057, 0.012886973065, 0.012360871568, 0.012338277132, 0.238524288494, 0.250891209684, 0.252397190292, 0.262115260652, 0.256988285047, 0.255719498500, 0.256910519817, 0.245366870706, 0.259036755963, 0.272279210618, 0.273688645652, 0.027044560221, 0.027369822609, 0.027434061945, 0.028114428078, 0.027862316611, 0.027776666994, 0.027896230509, 0.027695874062, 0.028122830692, 0.028079257557, 0.028137117341, 0.046497605328, 0.047467081664, 0.048654441284, 0.049884573690, 0.050124195189, 0.049926001574, 0.050094447145, 0.049459184892, 0.050220317182, 0.050983307221, 0.051030785423, 0.117850315417, 0.120114194282, 0.117361445691, 0.116499295938, 0.115669343942, 0.114427804503, 0.112201949796, 0.119805915794, 0.119306130862, 0.117647915042, 0.118680926042, 0.023471822400, 0.023764475197, 0.023644809505, 0.023699704084, 0.023696380601, 0.023814294481, 0.024021279956, 0.024786395620, 0.024775583453, 0.024654562918, 0.024875604766, 0.139978569608, 0.141404840598, 0.148255816399, 0.149211585221, 0.149590818305, 0.150182893161, 0.142802431510, 0.139540350458, 0.137129138992, 0.137302194710, 0.135905351229, 0.150430193270, 0.155009536203, 0.157727557608, 0.158932692665, 0.156641320201, 0.154631273910, 0.160590626441, 0.162013707453, 0.164832578207, 0.164678880021, 0.162323286229
2006, 0.013832620571, 0.013576759377, 0.013923578234, 0.013493535220, 0.013786688203, 0.014140903964, 0.014205704798, 0.014432329626, 0.013462276414, 0.012773732985, 0.012689873629, 0.236385134515, 0.241410208783, 0.242589556200, 0.251876495633, 0.245575764485, 0.242354350955, 0.241803161409, 0.236456669382, 0.247751914567, 0.265083180879, 0.270314305643, 0.027209856119, 0.027342020595, 0.027392327017, 0.028042509494, 0.027732680329, 0.027515218349, 0.027459885872, 0.027367089899, 0.027719878510, 0.027662851499, 0.027877598358, 0.046416945761, 0.046810874898, 0.047740707256, 0.048916266264, 0.049210746043, 0.048707538002, 0.048629583531, 0.048335359015, 0.048964272548, 0.049962847503, 0.050139063075, 0.114333541097, 0.115864479870, 0.113381189491, 0.112364214517, 0.110055277233, 0.110155032638, 0.108779378775, 0.116838104649, 0.115631517088, 0.117972457692, 0.118153823955, 0.023343705517, 0.023541610767, 0.023433658787, 0.023498411357, 0.023489165384, 0.023479691221, 0.023607615280, 0.024418489158, 0.024392386277, 0.024563233691, 0.024602042120, 0.138777558200, 0.139626074305, 0.145491431660, 0.146560845917, 0.147352187668, 0.146904358028, 0.143752229221, 0.140910694589, 0.136870346447, 0.135338517919, 0.135746140996, 0.148667264849, 0.151391604234, 0.153718596374, 0.155067027689, 0.150285644477, 0.151805989916, 0.154351175797, 0.155590793672, 0.160314236378, 0.161674718821, 0.162362121815
2007, 0.013704013624, 0.013832230545, 0.014058348598, 0.013695858967, 0.013997099618, 0.014489876608, 0.014741409016, 0.014625779585, 0.014277176249, 0.013781958377, 0.013687956035, 0.234411242153, 0.231893081661, 0.232661989513, 0.240490088428, 0.234015529198, 0.229533971239, 0.227394461211, 0.230122369863, 0.234181487561, 0.246646573213, 0.252510414827, 0.027371829348, 0.027305599210, 0.027338397859, 0.027886446308, 0.027568069403, 0.027265541194, 0.027050761377, 0.027098108112, 0.027224888050, 0.027183872780, 0.027424593777, 0.046341541617, 0.046144136218, 0.046750365894, 0.047741262008, 0.048043866058, 0.047343814364, 0.047041224492, 0.047191344907, 0.047417354526, 0.048135554923, 0.048333084183, 0.111025312415, 0.111738711177, 0.109767960773, 0.108750985800, 0.105466381429, 0.106878031797, 0.106878031797, 0.111529872259, 0.110323284698, 0.115022139131, 0.114202336959, 0.023230690790, 0.023322912218, 0.023237241042, 0.023301993612, 0.023288840650, 0.023154770666, 0.023154770666, 0.023622841671, 0.023596738790, 0.023939672363, 0.023764252560, 0.137674403293, 0.137890406286, 0.142100056804, 0.143093249458, 0.144095721409, 0.142761584197, 0.145237108019, 0.144396262584, 0.141468762268, 0.139473954424, 0.141298237401, 0.147067885898, 0.147761408929, 0.149431524333, 0.150683847340, 0.144626789754, 0.149156077779, 0.147157216481, 0.147524034826, 0.150946482479, 0.152718156657, 0.155794571242
2008, 0.013586638894, 0.014093795432, 0.014183144361, 0.013928321873, 0.014189843232, 0.014715252963, 0.015083289891, 0.014666005646, 0.015088891489, 0.015042876164, 0.014996036086, 0.232626682067, 0.222666206099, 0.222970034526, 0.228473021276, 0.222852147980, 0.218073811726, 0.214943325657, 0.224787820216, 0.219863761179, 0.221022008910, 0.223943880720, 0.027525553548, 0.027263583074, 0.027276543225, 0.027661809608, 0.027385411450, 0.027062849180, 0.026748587870, 0.026919453074, 0.026765658099, 0.026761846987, 0.026881794956, 0.046272617289, 0.045491788690, 0.045731336002, 0.046427914858, 0.046690619849, 0.045944209244, 0.045501466108, 0.046043221642, 0.045769052528, 0.045835787247, 0.045934213367, 0.107984534940, 0.107840971160, 0.106575671514, 0.105713521761, 0.102169251197, 0.104476755396, 0.105852409259, 0.104868257861, 0.104368472929, 0.108130856007, 0.106985754492, 0.023132572496, 0.023114013932, 0.023059009650, 0.023113904229, 0.023099711452, 0.022880558709, 0.022752634650, 0.022653608740, 0.022642796573, 0.022917384239, 0.022672357463, 0.136688596393, 0.136258146713, 0.138331158411, 0.139071795041, 0.140030797612, 0.138267936145, 0.145272157040, 0.146899584701, 0.147071681920, 0.146231152599, 0.147736499226, 0.145653477206, 0.144271427993, 0.145093864145, 0.146027737635, 0.140233327335, 0.146218099561, 0.140562542565, 0.139852578169, 0.139651384776, 0.140397894821, 0.142936464975
2009, 0.013482343329, 0.014348114380, 0.014294344901, 0.014175388677, 0.014355687245, 0.014800786417, 0.015182573118, 0.014610149600, 0.015622514036, 0.016049477182, 0.016078353790, 0.231053428941, 0.214049819407, 0.213866977860, 0.216435881933, 0.212560728439, 0.208512776175, 0.205265335889, 0.218769848145, 0.206981933437, 0.196234881521, 0.194433566222, 0.027666483701, 0.027219271774, 0.027211472457, 0.027391322496, 0.027200767536, 0.026927509941, 0.026601507903, 0.026835897920, 0.026467721578, 0.026503083809, 0.026429136652, 0.046211295477, 0.044878336626, 0.044734178947, 0.045059355863, 0.045240470453, 0.044608151098, 0.044148867183, 0.044892038325, 0.044235693202, 0.043616480694, 0.043555801620, 0.105266033828, 0.104273440865, 0.103837448320, 0.103261378273, 0.100230046251, 0.102753337402, 0.104979192109, 0.098830642460, 0.099330427392, 0.099518517653, 0.098992172258, 0.023049110053, 0.022920797046, 0.022901843862, 0.022938523247, 0.022926384495, 0.022686737617, 0.022479752142, 0.021861081352, 0.021871893520, 0.021885620794, 0.021772994347, 0.135837833567, 0.134788709899, 0.134488251331, 0.134844837072, 0.135516810680, 0.133929852421, 0.142353397174, 0.145544105242, 0.148699006123, 0.149694200728, 0.149448446152, 0.144443312360, 0.141074880215, 0.140955677805, 0.141405299061, 0.137345152707, 0.142732747758, 0.135931157948, 0.134539213360, 0.130850918928, 0.129967044028, 0.129552611087
2010, 0.013392773759, 0.014582462173, 0.014389395234, 0.014419469185, 0.014489931539, 0.014759040597, 0.015047983429, 0.014521408199, 0.015687528330, 0.016366859888, 0.016453849564, 0.229711013432, 0.206345717019, 0.205689198519, 0.205039740324, 0.203525294368, 0.201077883338, 0.198620163905, 0.211043031660, 0.197464794264, 0.180365399167, 0.174939005845, 0.027790545281, 0.027176014630, 0.027148010078, 0.027102541241, 0.027028070594, 0.026862857763, 0.026616133737, 0.026831750274, 0.026407656115, 0.026463920174, 0.026241157198, 0.046158577631, 0.044326908973, 0.043809290384, 0.043727080692, 0.043797861955, 0.043415558691, 0.043067964616, 0.043751611432, 0.042995582049, 0.042010366809, 0.041827573424, 0.102919327456, 0.101132556155, 0.101568548700, 0.101366259800, 0.099508657149, 0.101504071713, 0.103729926420, 0.095363290151, 0.096569877712, 0.093051804340, 0.093578149734, 0.022980050326, 0.022749073472, 0.022768026656, 0.022780906743, 0.022773468106, 0.022583955742, 0.022376970268, 0.021535114258, 0.021561217139, 0.021304459777, 0.021417086224, 0.135137583194, 0.133537489797, 0.130897886883, 0.130807112428, 0.131021394743, 0.130154635748, 0.136258052846, 0.139237727453, 0.143234356768, 0.145258437546, 0.143495389091, 0.143454117588, 0.138316681268, 0.137269458591, 0.137155000496, 0.135860280659, 0.138802857404, 0.133874654285, 0.132574772924, 0.127902440510, 0.126104767787, 0.123131617213
2011, 0.013319348470, 0.014785275590, 0.014466630847, 0.014642406934, 0.014591850683, 0.014627121318, 0.014742548356, 0.014446710863, 0.015264687152, 0.015845379367, 0.015937451886, 0.228616211805, 0.199825629917, 0.198742087752, 0.194946137512, 0.196032742012, 0.195711973389, 0.194730162312, 0.201709507007, 0.192185036991, 0.177568484150, 0.171825024354, 0.027894213931, 0.027136992850, 0.027090773112, 0.026825017063, 0.026878449237, 0.026856795706, 0.026758234259, 0.026879370713, 0.026581889384, 0.026629983868, 0.026394204757, 0.046115326491, 0.043858355060, 0.043004058394, 0.042523559567, 0.042472774500, 0.042422668127, 0.042283811059, 0.042667893614, 0.042137575945, 0.041295414540, 0.041101940459, 0.100987515517, 0.098505303144, 0.099770602791, 0.099972891690, 0.099693951547, 0.100573401601, 0.101949055463, 0.095373524851, 0.096580112412, 0.091822410380, 0.092967511896, 0.022925148087, 0.022604271204, 0.022659275486, 0.022646395399, 0.022645278403, 0.022561753575, 0.022433829516, 0.021772195643, 0.021798298524, 0.021451070113, 0.021696096889, 0.134600705861, 0.132552903332, 0.127875717796, 0.127353699514, 0.127055868876, 0.127206590754, 0.128280399452, 0.129392079865, 0.131518122918, 0.132930099479, 0.131327095761, 0.142699720901, 0.136124820266, 0.134269217390, 0.133611001180, 0.135410530154, 0.134898841558, 0.134031794904, 0.133546824953, 0.131061335535, 0.129807298752, 0.127104042691
2012, 0.013263232691, 0.014946649158, 0.014525070031, 0.014827096555, 0.014663544986, 0.014457395341, 0.014367079719, 0.014405853502, 0.014523627947, 0.014705639597, 0.014746666158, 0.227782778626, 0.194720739606, 0.193287172071, 0.186764796536, 0.190280007111, 0.192154834065, 0.192923049896, 0.192008305802, 0.190636946771, 0.186055547484, 0.183496321289, 0.027974584210, 0.027105019537, 0.027043869064, 0.026587234850, 0.026760090148, 0.026886650609, 0.026963769787, 0.026947893102, 0.026905060934, 0.026920135626, 0.026815074896, 0.046082251047, 0.043490428560, 0.042360161547, 0.041534546459, 0.041370254664, 0.041663116164, 0.041771764559, 0.041721424983, 0.041645068407, 0.041381102087, 0.041294892041, 0.099506308291, 0.096465822297, 0.098436572700, 0.099012642748, 0.100373170425, 0.099877464737, 0.099877464737, 0.098243955596, 0.098743740528, 0.096082053302, 0.096901855474, 0.022884184053, 0.022491138849, 0.022576810026, 0.022540130641, 0.022545578776, 0.022592657894, 0.022592657894, 0.022428293215, 0.022439105382, 0.022244849117, 0.022420268921, 0.134237136869, 0.131873778313, 0.125693355726, 0.124832774320, 0.124098471305, 0.125214979361, 0.120782485383, 0.119407979673, 0.118220596171, 0.117875731606, 0.117957847012, 0.142190759688, 0.134602700074, 0.132150710552, 0.131065597920, 0.135502346140, 0.131711891516, 0.135290908040, 0.135890535378, 0.137278667724, 0.137584956696, 0.137723433586
2013, 0.013225318456, 0.015058758679, 0.014564203277, 0.014959057433, 0.014708466218, 0.014305210699, 0.014034368255, 0.014394139184, 0.013761021520, 0.013450307952, 0.013415278141, 0.227221227134, 0.191212744763, 0.189531023531, 0.181004000628, 0.186389952562, 0.190057357927, 0.192361117232, 0.183873466440, 0.191245453008, 0.199066396992, 0.201251547445, 0.028029426150, 0.027082367071, 0.027010631317, 0.026413650910, 0.026678497157, 0.026926065879, 0.027157334250, 0.027010019000, 0.027240271009, 0.027214536879, 0.027304241143, 0.046059894160, 0.043237092025, 0.041911173304, 0.040831806021, 0.040580080642, 0.041152955826, 0.041478775394, 0.041011688763, 0.041422157243, 0.041872776295, 0.041946385232, 0.098503220446, 0.095072478571, 0.097555768951, 0.098417918703, 0.101121336920, 0.099396569707, 0.098020915845, 0.102112186267, 0.101612401335, 0.102912848218, 0.102731481955, 0.022856979970, 0.022413486186, 0.022521438166, 0.022466543588, 0.022477369232, 0.022641177153, 0.022769101211, 0.023180767319, 0.023169955152, 0.023264864859, 0.023226056430, 0.134053640110, 0.131527242759, 0.124549666175, 0.123503311865, 0.122519028713, 0.124218382229, 0.116247295941, 0.113150949981, 0.109455958393, 0.107633846010, 0.109322957139, 0.141934454424, 0.133822924476, 0.131054676118, 0.129735321238, 0.135682479888, 0.129913312022, 0.136349564319, 0.137700343491, 0.142020040817, 0.143638336769, 0.146486801713
2014, 0.013206209170, 0.015116195117, 0.014583807363, 0.015027793872, 0.014729931894, 0.014216255247, 0.013840504335, 0.014394950764, 0.013283435612, 0.012640541218, 0.012550809739, 0.226938661103, 0.189426832562, 0.187616463519, 0.178028409093, 0.184430350596, 0.189101980374, 0.192298080832, 0.179217680802, 0.192160100885, 0.208342339321, 0.213939765612, 0.028057228607, 0.027070630022, 0.026993406647, 0.026322142984, 0.026636949019, 0.026952308054, 0.027273156220, 0.027046127275, 0.027450362714, 0.027397116479, 0.027626900659, 0.046048623092, 0.043107969593, 0.041680621136, 0.040466946401, 0.040167736314, 0.040897478598, 0.041349501545, 0.040629669860, 0.041350297257, 0.042282668714, 0.042471223513, 0.097996948762, 0.094365534349, 0.097118282940, 0.098135257913, 0.101592256774, 0.099146750862, 0.096920896156, 0.104776458168, 0.103569870607, 0.107920703213, 0.106887692213, 0.022843410321, 0.022373975494, 0.022493641186, 0.022428888616, 0.022442731919, 0.022674991227, 0.022881976702, 0.023672408110, 0.023646305229, 0.023963839341, 0.023742797494,            NaN,            NaN,            NaN,            NaN,            NaN,            NaN,            NaN,            NaN,            NaN,            NaN,            NaN,            NaN,            NaN,            NaN,            NaN,            NaN,            NaN,            NaN,            NaN,            NaN,            NaN,            NaN
